lab_x,lab_z,dial_x,dial_z
23.898758,-26.035507,29.949379,2.964493
23.898758,-24.627077,29.949379,4.372923
23.898758,-23.218393,29.949379,5.781607
23.898758,-21.809709,29.949379,7.190291
23.898758,-20.401025,29.949379,8.598975
23.898758,-18.992595,29.949379,10.007405
23.898758,-17.583911,29.949379,11.416089
23.898758,-16.175228,29.949379,12.824772
23.898758,-14.766544,29.949379,14.233456
23.898758,-13.358114,29.949379,15.641886
23.898758,-11.949430,29.949379,17.050570
23.898758,-10.540746,29.949379,18.459254
23.898758,-9.132062,29.949379,19.867938
23.898758,-7.723632,29.949379,21.276368
23.898758,-6.314948,29.949379,22.685052
23.898758,-4.906264,29.949379,24.093736
23.898758,-3.497580,29.949379,25.502420
23.898758,-2.089150,29.949379,26.910850
23.898758,-0.680466,29.949379,28.319534
23.898758,0.728218,29.949379,29.728218
23.898758,2.136902,29.949379,31.136902
23.898758,3.545332,29.949379,32.545332
23.898758,4.954016,29.949379,33.954016
23.898758,6.362700,29.949379,35.362700
23.898758,7.771384,29.949379,36.771384
23.898758,9.179814,29.949379,38.179814
23.898758,10.588498,29.949379,39.588498
21.834957,-30.261559,28.917479,-1.261559
21.834957,-28.852875,28.917479,0.147125
21.834957,-27.444191,28.917479,1.555809
21.834957,-26.035507,28.917479,2.964493
21.834957,-24.627077,28.917479,4.372923
21.834957,-23.218393,28.917479,5.781607
21.834957,-21.809709,28.917479,7.190291
21.834957,-20.401025,28.917479,8.598975
21.834957,-18.992595,28.917479,10.007405
21.834957,-17.583911,28.917479,11.416089
21.834957,-16.175228,28.917479,12.824772
21.834957,-14.766544,28.917479,14.233456
21.834957,-13.358114,28.917479,15.641886
21.834957,-11.949430,28.917479,17.050570
21.834957,-10.540746,28.917479,18.459254
21.834957,-9.132062,28.917479,19.867938
21.834957,-7.723632,28.917479,21.276368
21.834957,-6.314948,28.917479,22.685052
21.834957,-4.906264,28.917479,24.093736
21.834957,-3.497580,28.917479,25.502420
21.834957,-2.089150,28.917479,26.910850
21.834957,-0.680466,28.917479,28.319534
21.834957,0.728218,28.917479,29.728218
21.834957,2.136902,28.917479,31.136902
21.834957,3.545332,28.917479,32.545332
21.834957,4.954016,28.917479,33.954016
21.834957,6.362700,28.917479,35.362700
21.834957,7.771384,28.917479,36.771384
21.834957,9.179814,28.917479,38.179814
21.834957,10.588498,28.917479,39.588498
19.771156,-30.261559,27.885578,-1.261559
19.771156,-28.852875,27.885578,0.147125
19.771156,-27.444191,27.885578,1.555809
19.771156,-26.035507,27.885578,2.964493
19.771156,-24.627077,27.885578,4.372923
19.771156,-23.218393,27.885578,5.781607
19.771156,-21.809709,27.885578,7.190291
19.771156,-20.401025,27.885578,8.598975
19.771156,-18.992595,27.885578,10.007405
19.771156,-17.583911,27.885578,11.416089
19.771156,-16.175228,27.885578,12.824772
19.771156,-14.766544,27.885578,14.233456
19.771156,-13.358114,27.885578,15.641886
19.771156,-11.949430,27.885578,17.050570
19.771156,-10.540746,27.885578,18.459254
19.771156,-9.132062,27.885578,19.867938
19.771156,-7.723632,27.885578,21.276368
19.771156,-6.314948,27.885578,22.685052
19.771156,-4.906264,27.885578,24.093736
19.771156,-3.497580,27.885578,25.502420
19.771156,-2.089150,27.885578,26.910850
19.771156,-0.680466,27.885578,28.319534
19.771156,0.728218,27.885578,29.728218
19.771156,2.136902,27.885578,31.136902
19.771156,3.545332,27.885578,32.545332
19.771156,4.954016,27.885578,33.954016
19.771156,6.362700,27.885578,35.362700
19.771156,7.771384,27.885578,36.771384
19.771156,9.179814,27.885578,38.179814
19.771156,10.588498,27.885578,39.588498
17.707355,-30.261559,26.853677,-1.261559
17.707355,-28.852875,26.853677,0.147125
17.707355,-27.444191,26.853677,1.555809
17.707355,-26.035507,26.853677,2.964493
17.707355,-24.627077,26.853677,4.372923
17.707355,-23.218393,26.853677,5.781607
17.707355,-21.809709,26.853677,7.190291
17.707355,-20.401025,26.853677,8.598975
17.707355,-18.992595,26.853677,10.007405
17.707355,-17.583911,26.853677,11.416089
17.707355,-16.175228,26.853677,12.824772
17.707355,-14.766544,26.853677,14.233456
17.707355,-13.358114,26.853677,15.641886
17.707355,-11.949430,26.853677,17.050570
17.707355,-10.540746,26.853677,18.459254
17.707355,-9.132062,26.853677,19.867938
17.707355,-7.723632,26.853677,21.276368
17.707355,-6.314948,26.853677,22.685052
17.707355,-4.906264,26.853677,24.093736
17.707355,-3.497580,26.853677,25.502420
17.707355,-2.089150,26.853677,26.910850
17.707355,-0.680466,26.853677,28.319534
17.707355,0.728218,26.853677,29.728218
17.707355,2.136902,26.853677,31.136902
17.707355,3.545332,26.853677,32.545332
17.707355,4.954016,26.853677,33.954016
17.707355,6.362700,26.853677,35.362700
17.707355,7.771384,26.853677,36.771384
17.707355,9.179814,26.853677,38.179814
17.707355,10.588498,26.853677,39.588498
15.643555,-30.261559,25.821777,-1.261559
15.643555,-28.852875,25.821777,0.147125
15.643555,-27.444191,25.821777,1.555809
15.643555,-26.035507,25.821777,2.964493
15.643555,-24.627077,25.821777,4.372923
15.643555,-23.218393,25.821777,5.781607
15.643555,-21.809709,25.821777,7.190291
15.643555,-20.401025,25.821777,8.598975
15.643555,-18.992595,25.821777,10.007405
15.643555,-17.583911,25.821777,11.416089
15.643555,-16.175228,25.821777,12.824772
15.643555,-14.766544,25.821777,14.233456
15.643555,-13.358114,25.821777,15.641886
15.643555,-11.949430,25.821777,17.050570
15.643555,-10.540746,25.821777,18.459254
15.643555,-9.132062,25.821777,19.867938
15.643555,-7.723632,25.821777,21.276368
15.643555,-6.314948,25.821777,22.685052
15.643555,-4.906264,25.821777,24.093736
15.643555,-3.497580,25.821777,25.502420
15.643555,-2.089150,25.821777,26.910850
15.643555,-0.680466,25.821777,28.319534
15.643555,0.728218,25.821777,29.728218
15.643555,2.136902,25.821777,31.136902
15.643555,3.545332,25.821777,32.545332
15.643555,4.954016,25.821777,33.954016
15.643555,6.362700,25.821777,35.362700
15.643555,7.771384,25.821777,36.771384
15.643555,9.179814,25.821777,38.179814
15.643555,10.588498,25.821777,39.588498
13.579754,-30.261559,24.789877,-1.261559
13.579754,-28.852875,24.789877,0.147125
13.579754,-27.444191,24.789877,1.555809
13.579754,-26.035507,24.789877,2.964493
13.579754,-24.627077,24.789877,4.372923
13.579754,-23.218393,24.789877,5.781607
13.579754,-21.809709,24.789877,7.190291
13.579754,-20.401025,24.789877,8.598975
13.579754,-18.992595,24.789877,10.007405
13.579754,-17.583911,24.789877,11.416089
13.579754,-16.175228,24.789877,12.824772
13.579754,-14.766544,24.789877,14.233456
13.579754,-13.358114,24.789877,15.641886
13.579754,-11.949430,24.789877,17.050570
13.579754,-10.540746,24.789877,18.459254
13.579754,-9.132062,24.789877,19.867938
13.579754,-7.723632,24.789877,21.276368
13.579754,-6.314948,24.789877,22.685052
13.579754,-4.906264,24.789877,24.093736
13.579754,-3.497580,24.789877,25.502420
13.579754,-2.089150,24.789877,26.910850
13.579754,-0.680466,24.789877,28.319534
13.579754,0.728218,24.789877,29.728218
13.579754,2.136902,24.789877,31.136902
13.579754,3.545332,24.789877,32.545332
13.579754,4.954016,24.789877,33.954016
13.579754,6.362700,24.789877,35.362700
13.579754,7.771384,24.789877,36.771384
13.579754,9.179814,24.789877,38.179814
13.579754,10.588498,24.789877,39.588498
11.515953,-30.261559,23.757976,-1.261559
11.515953,-28.852875,23.757976,0.147125
11.515953,-27.444191,23.757976,1.555809
11.515953,-26.035507,23.757976,2.964493
11.515953,-24.627077,23.757976,4.372923
11.515953,-23.218393,23.757976,5.781607
11.515953,-21.809709,23.757976,7.190291
11.515953,-20.401025,23.757976,8.598975
11.515953,-18.992595,23.757976,10.007405
11.515953,-17.583911,23.757976,11.416089
11.515953,-16.175228,23.757976,12.824772
11.515953,-14.766544,23.757976,14.233456
11.515953,-13.358114,23.757976,15.641886
11.515953,-11.949430,23.757976,17.050570
11.515953,-10.540746,23.757976,18.459254
11.515953,-9.132062,23.757976,19.867938
11.515953,-7.723632,23.757976,21.276368
11.515953,-6.314948,23.757976,22.685052
11.515953,-4.906264,23.757976,24.093736
11.515953,-3.497580,23.757976,25.502420
11.515953,-2.089150,23.757976,26.910850
11.515953,-0.680466,23.757976,28.319534
11.515953,0.728218,23.757976,29.728218
11.515953,2.136902,23.757976,31.136902
11.515953,3.545332,23.757976,32.545332
11.515953,4.954016,23.757976,33.954016
11.515953,6.362700,23.757976,35.362700
11.515953,7.771384,23.757976,36.771384
11.515953,9.179814,23.757976,38.179814
11.515953,10.588498,23.757976,39.588498
9.452153,-30.261559,22.726076,-1.261559
9.452153,-28.852875,22.726076,0.147125
9.452153,-27.444191,22.726076,1.555809
9.452153,-26.035507,22.726076,2.964493
9.452153,-24.627077,22.726076,4.372923
9.452153,-23.218393,22.726076,5.781607
9.452153,-21.809709,22.726076,7.190291
9.452153,-20.401025,22.726076,8.598975
9.452153,-18.992595,22.726076,10.007405
9.452153,-17.583911,22.726076,11.416089
9.452153,-16.175228,22.726076,12.824772
9.452153,-14.766544,22.726076,14.233456
9.452153,-13.358114,22.726076,15.641886
9.452153,-11.949430,22.726076,17.050570
9.452153,-10.540746,22.726076,18.459254
9.452153,-9.132062,22.726076,19.867938
9.452153,-7.723632,22.726076,21.276368
9.452153,-6.314948,22.726076,22.685052
9.452153,-4.906264,22.726076,24.093736
9.452153,-3.497580,22.726076,25.502420
9.452153,-2.089150,22.726076,26.910850
9.452153,-0.680466,22.726076,28.319534
9.452153,0.728218,22.726076,29.728218
9.452153,2.136902,22.726076,31.136902
9.452153,3.545332,22.726076,32.545332
9.452153,4.954016,22.726076,33.954016
9.452153,6.362700,22.726076,35.362700
9.452153,7.771384,22.726076,36.771384
9.452153,9.179814,22.726076,38.179814
9.452153,10.588498,22.726076,39.588498
7.388352,-30.261559,21.694176,-1.261559
7.388352,-28.852875,21.694176,0.147125
7.388352,-27.444191,21.694176,1.555809
7.388352,-26.035507,21.694176,2.964493
7.388352,-24.627077,21.694176,4.372923
7.388352,-23.218393,21.694176,5.781607
7.388352,-21.809709,21.694176,7.190291
7.388352,-20.401025,21.694176,8.598975
7.388352,-18.992595,21.694176,10.007405
7.388352,-17.583911,21.694176,11.416089
7.388352,-16.175228,21.694176,12.824772
7.388352,-14.766544,21.694176,14.233456
7.388352,-13.358114,21.694176,15.641886
7.388352,-11.949430,21.694176,17.050570
7.388352,-10.540746,21.694176,18.459254
7.388352,-9.132062,21.694176,19.867938
7.388352,-7.723632,21.694176,21.276368
7.388352,-6.314948,21.694176,22.685052
7.388352,-4.906264,21.694176,24.093736
7.388352,-3.497580,21.694176,25.502420
7.388352,-2.089150,21.694176,26.910850
7.388352,-0.680466,21.694176,28.319534
7.388352,0.728218,21.694176,29.728218
7.388352,2.136902,21.694176,31.136902
7.388352,3.545332,21.694176,32.545332
7.388352,4.954016,21.694176,33.954016
7.388352,6.362700,21.694176,35.362700
7.388352,7.771384,21.694176,36.771384
7.388352,9.179814,21.694176,38.179814
7.388352,10.588498,21.694176,39.588498
5.324551,-30.261559,20.662275,-1.261559
5.324551,-28.852875,20.662275,0.147125
5.324551,-27.444191,20.662275,1.555809
5.324551,-26.035507,20.662275,2.964493
5.324551,-24.627077,20.662275,4.372923
5.324551,-23.218393,20.662275,5.781607
5.324551,-21.809709,20.662275,7.190291
5.324551,-20.401025,20.662275,8.598975
5.324551,-18.992595,20.662275,10.007405
5.324551,-17.583911,20.662275,11.416089
5.324551,-16.175228,20.662275,12.824772
5.324551,-14.766544,20.662275,14.233456
5.324551,-13.358114,20.662275,15.641886
5.324551,-11.949430,20.662275,17.050570
5.324551,-10.540746,20.662275,18.459254
5.324551,-9.132062,20.662275,19.867938
5.324551,-7.723632,20.662275,21.276368
5.324551,-6.314948,20.662275,22.685052
5.324551,-4.906264,20.662275,24.093736
5.324551,-3.497580,20.662275,25.502420
5.324551,-2.089150,20.662275,26.910850
5.324551,-0.680466,20.662275,28.319534
5.324551,0.728218,20.662275,29.728218
5.324551,2.136902,20.662275,31.136902
5.324551,3.545332,20.662275,32.545332
5.324551,4.954016,20.662275,33.954016
5.324551,6.362700,20.662275,35.362700
5.324551,7.771384,20.662275,36.771384
5.324551,9.179814,20.662275,38.179814
5.324551,10.588498,20.662275,39.588498
3.260750,-30.261559,19.630375,-1.261559
3.260750,-28.852875,19.630375,0.147125
3.260750,-27.444191,19.630375,1.555809
3.260750,-26.035507,19.630375,2.964493
3.260750,-24.627077,19.630375,4.372923
3.260750,-23.218393,19.630375,5.781607
3.260750,-21.809709,19.630375,7.190291
3.260750,-20.401025,19.630375,8.598975
3.260750,-18.992595,19.630375,10.007405
3.260750,-17.583911,19.630375,11.416089
3.260750,-16.175228,19.630375,12.824772
3.260750,-14.766544,19.630375,14.233456
3.260750,-13.358114,19.630375,15.641886
3.260750,-11.949430,19.630375,17.050570
3.260750,-10.540746,19.630375,18.459254
3.260750,-9.132062,19.630375,19.867938
3.260750,-7.723632,19.630375,21.276368
3.260750,-6.314948,19.630375,22.685052
3.260750,-4.906264,19.630375,24.093736
3.260750,-3.497580,19.630375,25.502420
3.260750,-2.089150,19.630375,26.910850
3.260750,-0.680466,19.630375,28.319534
3.260750,0.728218,19.630375,29.728218
3.260750,2.136902,19.630375,31.136902
3.260750,3.545332,19.630375,32.545332
3.260750,4.954016,19.630375,33.954016
3.260750,6.362700,19.630375,35.362700
3.260750,7.771384,19.630375,36.771384
3.260750,9.179814,19.630375,38.179814
3.260750,10.588498,19.630375,39.588498
1.196950,-30.261559,18.598475,-1.261559
1.196950,-28.852875,18.598475,0.147125
1.196950,-27.444191,18.598475,1.555809
1.196950,-26.035507,18.598475,2.964493
1.196950,-24.627077,18.598475,4.372923
1.196950,-23.218393,18.598475,5.781607
1.196950,-21.809709,18.598475,7.190291
1.196950,-20.401025,18.598475,8.598975
1.196950,-18.992595,18.598475,10.007405
1.196950,-17.583911,18.598475,11.416089
1.196950,-16.175228,18.598475,12.824772
1.196950,-14.766544,18.598475,14.233456
1.196950,-13.358114,18.598475,15.641886
1.196950,-11.949430,18.598475,17.050570
1.196950,-10.540746,18.598475,18.459254
1.196950,-9.132062,18.598475,19.867938
1.196950,-7.723632,18.598475,21.276368
1.196950,-6.314948,18.598475,22.685052
1.196950,-4.906264,18.598475,24.093736
1.196950,-3.497580,18.598475,25.502420
1.196950,-2.089150,18.598475,26.910850
1.196950,-0.680466,18.598475,28.319534
1.196950,0.728218,18.598475,29.728218
1.196950,2.136902,18.598475,31.136902
1.196950,3.545332,18.598475,32.545332
1.196950,4.954016,18.598475,33.954016
1.196950,6.362700,18.598475,35.362700
1.196950,7.771384,18.598475,36.771384
1.196950,9.179814,18.598475,38.179814
1.196950,10.588498,18.598475,39.588498
-0.866851,-30.261559,17.566574,-1.261559
-0.866851,-28.852875,17.566574,0.147125
-0.866851,-27.444191,17.566574,1.555809
-0.866851,-26.035507,17.566574,2.964493
-0.866851,-24.627077,17.566574,4.372923
-0.866851,-23.218393,17.566574,5.781607
-0.866851,-21.809709,17.566574,7.190291
-0.866851,-20.401025,17.566574,8.598975
-0.866851,-18.992595,17.566574,10.007405
-0.866851,-17.583911,17.566574,11.416089
-0.866851,-16.175228,17.566574,12.824772
-0.866851,-14.766544,17.566574,14.233456
-0.866851,-13.358114,17.566574,15.641886
-0.866851,-11.949430,17.566574,17.050570
-0.866851,-10.540746,17.566574,18.459254
-0.866851,-9.132062,17.566574,19.867938
-0.866851,-7.723632,17.566574,21.276368
-0.866851,-6.314948,17.566574,22.685052
-0.866851,-4.906264,17.566574,24.093736
-0.866851,-3.497580,17.566574,25.502420
-0.866851,-2.089150,17.566574,26.910850
-0.866851,-0.680466,17.566574,28.319534
-0.866851,0.728218,17.566574,29.728218
-0.866851,2.136902,17.566574,31.136902
-0.866851,3.545332,17.566574,32.545332
-0.866851,4.954016,17.566574,33.954016
-0.866851,6.362700,17.566574,35.362700
-0.866851,7.771384,17.566574,36.771384
-0.866851,9.179814,17.566574,38.179814
-0.866851,10.588498,17.566574,39.588498
-2.930652,-30.261559,16.534674,-1.261559
-2.930652,-28.852875,16.534674,0.147125
-2.930652,-27.444191,16.534674,1.555809
-2.930652,-26.035507,16.534674,2.964493
-2.930652,-24.627077,16.534674,4.372923
-2.930652,-23.218393,16.534674,5.781607
-2.930652,-21.809709,16.534674,7.190291
-2.930652,-20.401025,16.534674,8.598975
-2.930652,-18.992595,16.534674,10.007405
-2.930652,-17.583911,16.534674,11.416089
-2.930652,-16.175228,16.534674,12.824772
-2.930652,-14.766544,16.534674,14.233456
-2.930652,-13.358114,16.534674,15.641886
-2.930652,-11.949430,16.534674,17.050570
-2.930652,-10.540746,16.534674,18.459254
-2.930652,-9.132062,16.534674,19.867938
-2.930652,-7.723632,16.534674,21.276368
-2.930652,-6.314948,16.534674,22.685052
-2.930652,-4.906264,16.534674,24.093736
-2.930652,-3.497580,16.534674,25.502420
-2.930652,-2.089150,16.534674,26.910850
-2.930652,-0.680466,16.534674,28.319534
-2.930652,0.728218,16.534674,29.728218
-2.930652,2.136902,16.534674,31.136902
-2.930652,3.545332,16.534674,32.545332
-2.930652,4.954016,16.534674,33.954016
-2.930652,6.362700,16.534674,35.362700
-2.930652,7.771384,16.534674,36.771384
-2.930652,9.179814,16.534674,38.179814
-2.930652,10.588498,16.534674,39.588498
-4.994453,-30.261559,15.502774,-1.261559
-4.994453,-28.852875,15.502774,0.147125
-4.994453,-27.444191,15.502774,1.555809
-4.994453,-26.035507,15.502774,2.964493
-4.994453,-24.627077,15.502774,4.372923
-4.994453,-23.218393,15.502774,5.781607
-4.994453,-21.809709,15.502774,7.190291
-4.994453,-20.401025,15.502774,8.598975
-4.994453,-18.992595,15.502774,10.007405
-4.994453,-17.583911,15.502774,11.416089
-4.994453,-16.175228,15.502774,12.824772
-4.994453,-14.766544,15.502774,14.233456
-4.994453,-13.358114,15.502774,15.641886
-4.994453,-11.949430,15.502774,17.050570
-4.994453,-10.540746,15.502774,18.459254
-4.994453,-9.132062,15.502774,19.867938
-4.994453,-7.723632,15.502774,21.276368
-4.994453,-6.314948,15.502774,22.685052
-4.994453,-4.906264,15.502774,24.093736
-4.994453,-3.497580,15.502774,25.502420
-4.994453,-2.089150,15.502774,26.910850
-4.994453,-0.680466,15.502774,28.319534
-4.994453,0.728218,15.502774,29.728218
-4.994453,2.136902,15.502774,31.136902
-4.994453,3.545332,15.502774,32.545332
-4.994453,4.954016,15.502774,33.954016
-4.994453,6.362700,15.502774,35.362700
-4.994453,7.771384,15.502774,36.771384
-4.994453,9.179814,15.502774,38.179814
-4.994453,10.588498,15.502774,39.588498
-7.057949,-30.261559,14.471026,-1.261559
-7.057949,-28.852875,14.471026,0.147125
-7.057949,-27.444191,14.471026,1.555809
-7.057949,-26.035507,14.471026,2.964493
-7.057949,-24.627077,14.471026,4.372923
-7.057949,-23.218393,14.471026,5.781607
-7.057949,-21.809709,14.471026,7.190291
-7.057949,-20.401025,14.471026,8.598975
-7.057949,-18.992595,14.471026,10.007405
-7.057949,-17.583911,14.471026,11.416089
-7.057949,-16.175228,14.471026,12.824772
-7.057949,-14.766544,14.471026,14.233456
-7.057949,-13.358114,14.471026,15.641886
-7.057949,-11.949430,14.471026,17.050570
-7.057949,-10.540746,14.471026,18.459254
-7.057949,-9.132062,14.471026,19.867938
-7.057949,-7.723632,14.471026,21.276368
-7.057949,-6.314948,14.471026,22.685052
-7.057949,-4.906264,14.471026,24.093736
-7.057949,-3.497580,14.471026,25.502420
-7.057949,-2.089150,14.471026,26.910850
-7.057949,-0.680466,14.471026,28.319534
-7.057949,0.728218,14.471026,29.728218
-7.057949,2.136902,14.471026,31.136902
-7.057949,3.545332,14.471026,32.545332
-7.057949,4.954016,14.471026,33.954016
-7.057949,6.362700,14.471026,35.362700
-7.057949,7.771384,14.471026,36.771384
-7.057949,9.179814,14.471026,38.179814
-7.057949,10.588498,14.471026,39.588498
-9.121749,-30.261559,13.439125,-1.261559
-9.121749,-28.852875,13.439125,0.147125
-9.121749,-27.444191,13.439125,1.555809
-9.121749,-26.035507,13.439125,2.964493
-9.121749,-24.627077,13.439125,4.372923
-9.121749,-23.218393,13.439125,5.781607
-9.121749,-21.809709,13.439125,7.190291
-9.121749,-20.401025,13.439125,8.598975
-9.121749,-18.992595,13.439125,10.007405
-9.121749,-17.583911,13.439125,11.416089
-9.121749,-16.175228,13.439125,12.824772
-9.121749,-14.766544,13.439125,14.233456
-9.121749,-13.358114,13.439125,15.641886
-9.121749,-11.949430,13.439125,17.050570
-9.121749,-10.540746,13.439125,18.459254
-9.121749,-9.132062,13.439125,19.867938
-9.121749,-7.723632,13.439125,21.276368
-9.121749,-6.314948,13.439125,22.685052
-9.121749,-4.906264,13.439125,24.093736
-9.121749,-3.497580,13.439125,25.502420
-9.121749,-2.089150,13.439125,26.910850
-9.121749,-0.680466,13.439125,28.319534
-9.121749,0.728218,13.439125,29.728218
-9.121749,2.136902,13.439125,31.136902
-9.121749,3.545332,13.439125,32.545332
-9.121749,4.954016,13.439125,33.954016
-9.121749,6.362700,13.439125,35.362700
-9.121749,7.771384,13.439125,36.771384
-9.121749,9.179814,13.439125,38.179814
-9.121749,10.588498,13.439125,39.588498
-11.185550,-30.261559,12.407225,-1.261559
-11.185550,-28.852875,12.407225,0.147125
-11.185550,-27.444191,12.407225,1.555809
-11.185550,-26.035507,12.407225,2.964493
-11.185550,-24.627077,12.407225,4.372923
-11.185550,-23.218393,12.407225,5.781607
-11.185550,-21.809709,12.407225,7.190291
-11.185550,-20.401025,12.407225,8.598975
-11.185550,-18.992595,12.407225,10.007405
-11.185550,-17.583911,12.407225,11.416089
-11.185550,-16.175228,12.407225,12.824772
-11.185550,-14.766544,12.407225,14.233456
-11.185550,-13.358114,12.407225,15.641886
-11.185550,-11.949430,12.407225,17.050570
-11.185550,-10.540746,12.407225,18.459254
-11.185550,-9.132062,12.407225,19.867938
-11.185550,-7.723632,12.407225,21.276368
-11.185550,-6.314948,12.407225,22.685052
-11.185550,-4.906264,12.407225,24.093736
-11.185550,-3.497580,12.407225,25.502420
-11.185550,-2.089150,12.407225,26.910850
-11.185550,-0.680466,12.407225,28.319534
-11.185550,0.728218,12.407225,29.728218
-11.185550,2.136902,12.407225,31.136902
-11.185550,3.545332,12.407225,32.545332
-11.185550,4.954016,12.407225,33.954016
-11.185550,6.362700,12.407225,35.362700
-11.185550,7.771384,12.407225,36.771384
-11.185550,9.179814,12.407225,38.179814
-11.185550,10.588498,12.407225,39.588498
-13.249351,-30.261559,11.375324,-1.261559
-13.249351,-28.852875,11.375324,0.147125
-13.249351,-27.444191,11.375324,1.555809
-13.249351,-26.035507,11.375324,2.964493
-13.249351,-24.627077,11.375324,4.372923
-13.249351,-23.218393,11.375324,5.781607
-13.249351,-21.809709,11.375324,7.190291
-13.249351,-20.401025,11.375324,8.598975
-13.249351,-18.992595,11.375324,10.007405
-13.249351,-17.583911,11.375324,11.416089
-13.249351,-16.175228,11.375324,12.824772
-13.249351,-14.766544,11.375324,14.233456
-13.249351,-13.358114,11.375324,15.641886
-13.249351,-11.949430,11.375324,17.050570
-13.249351,-10.540746,11.375324,18.459254
-13.249351,-9.132062,11.375324,19.867938
-13.249351,-7.723632,11.375324,21.276368
-13.249351,-6.314948,11.375324,22.685052
-13.249351,-4.906264,11.375324,24.093736
-13.249351,-3.497580,11.375324,25.502420
-13.249351,-2.089150,11.375324,26.910850
-13.249351,-0.680466,11.375324,28.319534
-13.249351,0.728218,11.375324,29.728218
-13.249351,2.136902,11.375324,31.136902
-13.249351,3.545332,11.375324,32.545332
-13.249351,4.954016,11.375324,33.954016
-13.249351,6.362700,11.375324,35.362700
-13.249351,7.771384,11.375324,36.771384
-13.249351,9.179814,11.375324,38.179814
-13.249351,10.588498,11.375324,39.588498
-15.313152,-30.261559,10.343424,-1.261559
-15.313152,-28.852875,10.343424,0.147125
-15.313152,-27.444191,10.343424,1.555809
-15.313152,-26.035507,10.343424,2.964493
-15.313152,-24.627077,10.343424,4.372923
-15.313152,-23.218393,10.343424,5.781607
-15.313152,-21.809709,10.343424,7.190291
-15.313152,-20.401025,10.343424,8.598975
-15.313152,-18.992595,10.343424,10.007405
-15.313152,-17.583911,10.343424,11.416089
-15.313152,-16.175228,10.343424,12.824772
-15.313152,-14.766544,10.343424,14.233456
-15.313152,-13.358114,10.343424,15.641886
-15.313152,-11.949430,10.343424,17.050570
-15.313152,-10.540746,10.343424,18.459254
-15.313152,-9.132062,10.343424,19.867938
-15.313152,-7.723632,10.343424,21.276368
-15.313152,-6.314948,10.343424,22.685052
-15.313152,-4.906264,10.343424,24.093736
-15.313152,-3.497580,10.343424,25.502420
-15.313152,-2.089150,10.343424,26.910850
-15.313152,-0.680466,10.343424,28.319534
-15.313152,0.728218,10.343424,29.728218
-15.313152,2.136902,10.343424,31.136902
-15.313152,3.545332,10.343424,32.545332
-15.313152,4.954016,10.343424,33.954016
-15.313152,6.362700,10.343424,35.362700
-15.313152,7.771384,10.343424,36.771384
-15.313152,9.179814,10.343424,38.179814
-15.313152,10.588498,10.343424,39.588498
-17.376952,-30.261559,9.311524,-1.261559
-17.376952,-28.852875,9.311524,0.147125
-17.376952,-27.444191,9.311524,1.555809
-17.376952,-26.035507,9.311524,2.964493
-17.376952,-24.627077,9.311524,4.372923
-17.376952,-23.218393,9.311524,5.781607
-17.376952,-21.809709,9.311524,7.190291
-17.376952,-20.401025,9.311524,8.598975
-17.376952,-18.992595,9.311524,10.007405
-17.376952,-17.583911,9.311524,11.416089
-17.376952,-16.175228,9.311524,12.824772
-17.376952,-14.766544,9.311524,14.233456
-17.376952,-13.358114,9.311524,15.641886
-17.376952,-11.949430,9.311524,17.050570
-17.376952,-10.540746,9.311524,18.459254
-17.376952,-9.132062,9.311524,19.867938
-17.376952,-7.723632,9.311524,21.276368
-17.376952,-6.314948,9.311524,22.685052
-17.376952,-4.906264,9.311524,24.093736
-17.376952,-3.497580,9.311524,25.502420
-17.376952,-2.089150,9.311524,26.910850
-17.376952,-0.680466,9.311524,28.319534
-17.376952,0.728218,9.311524,29.728218
-17.376952,2.136902,9.311524,31.136902
-17.376952,3.545332,9.311524,32.545332
-17.376952,4.954016,9.311524,33.954016
-17.376952,6.362700,9.311524,35.362700
-17.376952,7.771384,9.311524,36.771384
-17.376952,9.179814,9.311524,38.179814
-17.376952,10.588498,9.311524,39.588498
-19.440753,-30.261559,8.279623,-1.261559
-19.440753,-28.852875,8.279623,0.147125
-19.440753,-27.444191,8.279623,1.555809
-19.440753,-26.035507,8.279623,2.964493
-19.440753,-24.627077,8.279623,4.372923
-19.440753,-23.218393,8.279623,5.781607
-19.440753,-21.809709,8.279623,7.190291
-19.440753,-20.401025,8.279623,8.598975
-19.440753,-18.992595,8.279623,10.007405
-19.440753,-17.583911,8.279623,11.416089
-19.440753,-16.175228,8.279623,12.824772
-19.440753,-14.766544,8.279623,14.233456
-19.440753,-13.358114,8.279623,15.641886
-19.440753,-11.949430,8.279623,17.050570
-19.440753,-10.540746,8.279623,18.459254
-19.440753,-9.132062,8.279623,19.867938
-19.440753,-7.723632,8.279623,21.276368
-19.440753,-6.314948,8.279623,22.685052
-19.440753,-4.906264,8.279623,24.093736
-19.440753,-3.497580,8.279623,25.502420
-19.440753,-2.089150,8.279623,26.910850
-19.440753,-0.680466,8.279623,28.319534
-19.440753,0.728218,8.279623,29.728218
-19.440753,2.136902,8.279623,31.136902
-19.440753,3.545332,8.279623,32.545332
-19.440753,4.954016,8.279623,33.954016
-19.440753,6.362700,8.279623,35.362700
-19.440753,7.771384,8.279623,36.771384
-19.440753,9.179814,8.279623,38.179814
-19.440753,10.588498,8.279623,39.588498
-21.504554,-30.261559,7.247723,-1.261559
-21.504554,-28.852875,7.247723,0.147125
-21.504554,-27.444191,7.247723,1.555809
-21.504554,-26.035507,7.247723,2.964493
-21.504554,-24.627077,7.247723,4.372923
-21.504554,-23.218393,7.247723,5.781607
-21.504554,-21.809709,7.247723,7.190291
-21.504554,-20.401025,7.247723,8.598975
-21.504554,-18.992595,7.247723,10.007405
-21.504554,-17.583911,7.247723,11.416089
-21.504554,-16.175228,7.247723,12.824772
-21.504554,-14.766544,7.247723,14.233456
-21.504554,-13.358114,7.247723,15.641886
-21.504554,-11.949430,7.247723,17.050570
-21.504554,-10.540746,7.247723,18.459254
-21.504554,-9.132062,7.247723,19.867938
-21.504554,-7.723632,7.247723,21.276368
-21.504554,-6.314948,7.247723,22.685052
-21.504554,-4.906264,7.247723,24.093736
-21.504554,-3.497580,7.247723,25.502420
-21.504554,-2.089150,7.247723,26.910850
-21.504554,-0.680466,7.247723,28.319534
-21.504554,0.728218,7.247723,29.728218
-21.504554,2.136902,7.247723,31.136902
-21.504554,3.545332,7.247723,32.545332
-21.504554,4.954016,7.247723,33.954016
-21.504554,6.362700,7.247723,35.362700
-21.504554,7.771384,7.247723,36.771384
-21.504554,9.179814,7.247723,38.179814
-21.504554,10.588498,7.247723,39.588498
-23.568354,-30.261559,6.215823,-1.261559
-23.568354,-28.852875,6.215823,0.147125
-23.568354,-27.444191,6.215823,1.555809
-23.568354,-26.035507,6.215823,2.964493
-23.568354,-24.627077,6.215823,4.372923
-23.568354,-23.218393,6.215823,5.781607
-23.568354,-21.809709,6.215823,7.190291
-23.568354,-20.401025,6.215823,8.598975
-23.568354,-18.992595,6.215823,10.007405
-23.568354,-17.583911,6.215823,11.416089
-23.568354,-16.175228,6.215823,12.824772
-23.568354,-14.766544,6.215823,14.233456
-23.568354,-13.358114,6.215823,15.641886
-23.568354,-11.949430,6.215823,17.050570
-23.568354,-10.540746,6.215823,18.459254
-23.568354,-9.132062,6.215823,19.867938
-23.568354,-7.723632,6.215823,21.276368
-23.568354,-6.314948,6.215823,22.685052
-23.568354,-4.906264,6.215823,24.093736
-23.568354,-3.497580,6.215823,25.502420
-23.568354,-2.089150,6.215823,26.910850
-23.568354,-0.680466,6.215823,28.319534
-23.568354,0.728218,6.215823,29.728218
-23.568354,2.136902,6.215823,31.136902
-23.568354,3.545332,6.215823,32.545332
-23.568354,4.954016,6.215823,33.954016
-23.568354,6.362700,6.215823,35.362700
-23.568354,7.771384,6.215823,36.771384
-23.568354,9.179814,6.215823,38.179814
-23.568354,10.588498,6.215823,39.588498
-25.632155,-30.261559,5.183922,-1.261559
-25.632155,-28.852875,5.183922,0.147125
-25.632155,-27.444191,5.183922,1.555809
-25.632155,-26.035507,5.183922,2.964493
-25.632155,-24.627077,5.183922,4.372923
-25.632155,-23.218393,5.183922,5.781607
-25.632155,-21.809709,5.183922,7.190291
-25.632155,-20.401025,5.183922,8.598975
-25.632155,-18.992595,5.183922,10.007405
-25.632155,-17.583911,5.183922,11.416089
-25.632155,-16.175228,5.183922,12.824772
-25.632155,-14.766544,5.183922,14.233456
-25.632155,-13.358114,5.183922,15.641886
-25.632155,-11.949430,5.183922,17.050570
-25.632155,-10.540746,5.183922,18.459254
-25.632155,-9.132062,5.183922,19.867938
-25.632155,-7.723632,5.183922,21.276368
-25.632155,-6.314948,5.183922,22.685052
-25.632155,-4.906264,5.183922,24.093736
-25.632155,-3.497580,5.183922,25.502420
-25.632155,-2.089150,5.183922,26.910850
-25.632155,-0.680466,5.183922,28.319534
-25.632155,0.728218,5.183922,29.728218
-25.632155,2.136902,5.183922,31.136902
-25.632155,3.545332,5.183922,32.545332
-25.632155,4.954016,5.183922,33.954016
-25.632155,6.362700,5.183922,35.362700
-25.632155,7.771384,5.183922,36.771384
-25.632155,9.179814,5.183922,38.179814
-25.632155,10.588498,5.183922,39.588498
-27.695956,-30.261559,4.152022,-1.261559
-27.695956,-28.852875,4.152022,0.147125
-27.695956,-27.444191,4.152022,1.555809
-27.695956,-26.035507,4.152022,2.964493
-27.695956,-24.627077,4.152022,4.372923
-27.695956,-23.218393,4.152022,5.781607
-27.695956,-21.809709,4.152022,7.190291
-27.695956,-20.401025,4.152022,8.598975
-27.695956,-18.992595,4.152022,10.007405
-27.695956,-17.583911,4.152022,11.416089
-27.695956,-16.175228,4.152022,12.824772
-27.695956,-14.766544,4.152022,14.233456
-27.695956,-13.358114,4.152022,15.641886
-27.695956,-11.949430,4.152022,17.050570
-27.695956,-10.540746,4.152022,18.459254
-27.695956,-9.132062,4.152022,19.867938
-27.695956,-7.723632,4.152022,21.276368
-27.695956,-6.314948,4.152022,22.685052
-27.695956,-4.906264,4.152022,24.093736
-27.695956,-3.497580,4.152022,25.502420
-27.695956,-2.089150,4.152022,26.910850
-27.695956,-0.680466,4.152022,28.319534
-27.695956,0.728218,4.152022,29.728218
-27.695956,2.136902,4.152022,31.136902
-27.695956,3.545332,4.152022,32.545332
-27.695956,4.954016,4.152022,33.954016
-27.695956,6.362700,4.152022,35.362700
-27.695956,7.771384,4.152022,36.771384
-27.695956,9.179814,4.152022,38.179814
-27.695956,10.588498,4.152022,39.588498
-29.759757,-30.261559,3.120121,-1.261559
-29.759757,-28.852875,3.120121,0.147125
-29.759757,-27.444191,3.120121,1.555809
-29.759757,-26.035507,3.120121,2.964493
-29.759757,-24.627077,3.120121,4.372923
-29.759757,-23.218393,3.120121,5.781607
-29.759757,-21.809709,3.120121,7.190291
-29.759757,-20.401025,3.120121,8.598975
-29.759757,-18.992595,3.120121,10.007405
-29.759757,-17.583911,3.120121,11.416089
-29.759757,-16.175228,3.120121,12.824772
-29.759757,-14.766544,3.120121,14.233456
-29.759757,-13.358114,3.120121,15.641886
-29.759757,-11.949430,3.120121,17.050570
-29.759757,-10.540746,3.120121,18.459254
-29.759757,-9.132062,3.120121,19.867938
-29.759757,-7.723632,3.120121,21.276368
-29.759757,-6.314948,3.120121,22.685052
-29.759757,-4.906264,3.120121,24.093736
-29.759757,-3.497580,3.120121,25.502420
-29.759757,-2.089150,3.120121,26.910850
-29.759757,-0.680466,3.120121,28.319534
-29.759757,0.728218,3.120121,29.728218
-29.759757,2.136902,3.120121,31.136902
-29.759757,3.545332,3.120121,32.545332
-29.759757,4.954016,3.120121,33.954016
-29.759757,6.362700,3.120121,35.362700
-29.759757,7.771384,3.120121,36.771384
-29.759757,9.179814,3.120121,38.179814
-29.759757,10.588498,3.120121,39.588498
-31.823557,-30.261559,2.088221,-1.261559
-31.823557,-28.852875,2.088221,0.147125
-31.823557,-27.444191,2.088221,1.555809
-31.823557,-26.035507,2.088221,2.964493
-31.823557,-24.627077,2.088221,4.372923
-31.823557,-23.218393,2.088221,5.781607
-31.823557,-21.809709,2.088221,7.190291
-31.823557,-20.401025,2.088221,8.598975
-31.823557,-18.992595,2.088221,10.007405
-31.823557,-17.583911,2.088221,11.416089
-31.823557,-16.175228,2.088221,12.824772
-31.823557,-14.766544,2.088221,14.233456
-31.823557,-13.358114,2.088221,15.641886
-31.823557,-11.949430,2.088221,17.050570
-31.823557,-10.540746,2.088221,18.459254
-31.823557,-9.132062,2.088221,19.867938
-31.823557,-7.723632,2.088221,21.276368
-31.823557,-6.314948,2.088221,22.685052
-31.823557,-4.906264,2.088221,24.093736
-31.823557,-3.497580,2.088221,25.502420
-31.823557,-2.089150,2.088221,26.910850
-31.823557,-0.680466,2.088221,28.319534
-31.823557,0.728218,2.088221,29.728218
-31.823557,2.136902,2.088221,31.136902
-31.823557,3.545332,2.088221,32.545332
-31.823557,4.954016,2.088221,33.954016
-31.823557,6.362700,2.088221,35.362700
-31.823557,7.771384,2.088221,36.771384
-31.823557,9.179814,2.088221,38.179814
-31.823557,10.588498,2.088221,39.588498
-33.887358,-30.261559,1.056321,-1.261559
-33.887358,-28.852875,1.056321,0.147125
-33.887358,-27.444191,1.056321,1.555809
-33.887358,-26.035507,1.056321,2.964493
-33.887358,-24.627077,1.056321,4.372923
-33.887358,-23.218393,1.056321,5.781607
-33.887358,-21.809709,1.056321,7.190291
-33.887358,-20.401025,1.056321,8.598975
-33.887358,-18.992595,1.056321,10.007405
-33.887358,-17.583911,1.056321,11.416089
-33.887358,-16.175228,1.056321,12.824772
-33.887358,-14.766544,1.056321,14.233456
-33.887358,-13.358114,1.056321,15.641886
-33.887358,-11.949430,1.056321,17.050570
-33.887358,-10.540746,1.056321,18.459254
-33.887358,-9.132062,1.056321,19.867938
-33.887358,-7.723632,1.056321,21.276368
-33.887358,-6.314948,1.056321,22.685052
-33.887358,-4.906264,1.056321,24.093736
-33.887358,-3.497580,1.056321,25.502420
-33.887358,-2.089150,1.056321,26.910850
-33.887358,-0.680466,1.056321,28.319534
-33.887358,0.728218,1.056321,29.728218
-33.887358,2.136902,1.056321,31.136902
-33.887358,3.545332,1.056321,32.545332
-33.887358,4.954016,1.056321,33.954016
-33.887358,6.362700,1.056321,35.362700
-33.887358,7.771384,1.056321,36.771384
-33.887358,9.179814,1.056321,38.179814
-33.887358,10.588498,1.056321,39.588498
-35.951159,-30.261559,0.024421,-1.261559
-35.951159,-28.852875,0.024421,0.147125
-35.951159,-27.444191,0.024421,1.555809
-35.951159,-26.035507,0.024421,2.964493
-35.951159,-24.627077,0.024421,4.372923
-35.951159,-23.218393,0.024421,5.781607
-35.951159,-21.809709,0.024421,7.190291
-35.951159,-20.401025,0.024421,8.598975
-35.951159,-18.992595,0.024421,10.007405
-35.951159,-17.583911,0.024421,11.416089
-35.951159,-16.175228,0.024421,12.824772
-35.951159,-14.766544,0.024421,14.233456
-35.951159,-13.358114,0.024421,15.641886
-35.951159,-11.949430,0.024421,17.050570
-35.951159,-10.540746,0.024421,18.459254
-35.951159,-9.132062,0.024421,19.867938
-35.951159,-7.723632,0.024421,21.276368
-35.951159,-6.314948,0.024421,22.685052
-35.951159,-4.906264,0.024421,24.093736
-35.951159,-3.497580,0.024421,25.502420
-35.951159,-2.089150,0.024421,26.910850
-35.951159,-0.680466,0.024421,28.319534
-35.951159,0.728218,0.024421,29.728218
-35.951159,2.136902,0.024421,31.136902
-35.951159,3.545332,0.024421,32.545332
-35.951159,4.954016,0.024421,33.954016
-35.951159,6.362700,0.024421,35.362700
-35.951159,7.771384,0.024421,36.771384
-35.951159,9.179814,0.024421,38.179814
-35.951159,10.588498,0.024421,39.588498
